Unnamed: 0	index	promptID	pairID	genre	sentence1_binary_parse	sentence2_binary_parse	sentence1_parse	sentence2_parse	sentence_A	sentence_B	label1	label
348280	348280	113038	113038c	government	( ( Before ( ( any ( legal action ) ) ( is ( brought ( against ( ( this rule ) ( in ( federal court ) ) ) ) ) ) ) ) ( , ( ( the ( administrative ( appeal rights ) ) ) ( ( set forth ) ( at ( 7 C.F.R. ) ) ) ) ) )	( ( Before ( we ( ( send this ) ( to ( federal court ) ) ) ) ) ( , ( there ( ( is ( a conference ) ) . ) ) ) )	(ROOT (S (SBAR (IN Before) (S (NP (DT any) (JJ legal) (NN action)) (VP (VBZ is) (VP (VBN brought) (PP (IN against) (NP (NP (DT this) (NN rule)) (PP (IN in) (NP (JJ federal) (NN court))))))))) (, ,) (NP (DT the) (JJ administrative) (NN appeal) (NNS rights)) (VP (VBD set) (ADVP (RB forth)) (PP (IN at) (NP (CD 7) (NN C.F.R.))))))	(ROOT (S (SBAR (IN Before) (S (NP (PRP we)) (VP (VB send) (NP (DT this)) (PP (TO to) (NP (JJ federal) (NN court)))))) (, ,) (NP (EX there)) (VP (VBZ is) (NP (DT a) (NN conference))) (. .)))	Before any legal action is brought against this rule in federal court, the administrative appeal rights set forth at 7 C.F.R.	Before we send this to federal court, there is a conference.	contradiction	contradiction
339179	339179	34735	34735e	travel	( ( ( ( Walk along ) ( past ( the battery ) ) ) ( to ( ( ( the ( Cart Shed ) ) , ) ( ( built ( in ( ( the aftermath ) ( of ( the ( Jacobian uprising ) ) ) ) ) ) ( in 1746 ) ) ) ) ) . )	( ( The ( Jacobian uprising ) ) ( ( ( took place ) ( in 1746 ) ) . ) )	(ROOT (S (VP (VBP Walk) (PRT (RP along)) (NP (JJ past) (DT the) (NN battery)) (PP (TO to) (NP (NP (DT the) (NNP Cart) (NNP Shed)) (, ,) (VP (VBN built) (PP (IN in) (NP (NP (DT the) (NN aftermath)) (PP (IN of) (NP (DT the) (NNP Jacobian) (NN uprising))))) (PP (IN in) (NP (CD 1746))))))) (. .)))	(ROOT (S (NP (DT The) (NNP Jacobian) (NN uprising)) (VP (VBD took) (NP (NN place)) (PP (IN in) (NP (CD 1746)))) (. .)))	Walk along past the battery to the Cart Shed, built in the aftermath of the Jacobian uprising in 1746.	The Jacobian uprising took place in 1746.	entailment	entailment
73852	73852	6049	6049n	fiction	( White ( ( ( put down ) ( a ( little ( cover fire ) ) ) ) . ) )	( White ( ( ( ( put down ) ( cover fire ) ) ( so ( they ( could ( go ( in ( the train ) ) ) ) ) ) ) . ) )	(ROOT (S (NP (NNP White)) (VP (VBD put) (PRT (RP down)) (NP (DT a) (JJ little) (NN cover) (NN fire))) (. .)))	(ROOT (S (NP (NNP White)) (VP (VBD put) (PRT (RP down)) (NP (NN cover) (NN fire)) (SBAR (IN so) (S (NP (PRP they)) (VP (MD could) (VP (VB go) (PP (IN in) (NP (DT the) (NN train)))))))) (. .)))	White put down a little cover fire.	White put down cover fire so they could go in the train.	neutral	neutral
239590	239590	81380	81380c	slate	( ( The ( Washington Post ) ) ( ( wins ( big ( with ( its ( comprehensive ( China ( trip ( Web ( links page ) ) ) ) ) ) ) ) ) . ) )	( ( The ( Washington Post ) ) ( ( has ( ( good points ) ( with ( its ( comprehensive ( Austria ( trip ( Web ( links page ) ) ) ) ) ) ) ) ) . ) )	(ROOT (S (NP (DT The) (NNP Washington) (NNP Post)) (VP (VBZ wins) (ADJP (JJ big) (PP (IN with) (NP (PRP$ its) (JJ comprehensive) (NNP China) (NN trip) (NN Web) (NNS links) (NN page))))) (. .)))	(ROOT (S (NP (DT The) (NNP Washington) (NNP Post)) (VP (VBZ has) (NP (NP (JJ good) (NNS points)) (PP (IN with) (NP (PRP$ its) (JJ comprehensive) (NNP Austria) (NN trip) (NN Web) (NNS links) (NN page))))) (. .)))	The Washington Post wins big with its comprehensive China trip Web links page.	The Washington Post has good points with its comprehensive Austria trip Web links page.	contradiction	contradiction
130287	130287	99692	99692e	telephone	( um ( have ( you ( ( done ( your ( attitude survey ) ) ) ( for ( this ( year yet ) ) ) ) ) ) )	( ( So far ) ( ( ( have you ) ( managed ( to ( complete ( your ( attitude survey ) ) ) ) ) ) ? ) )	(ROOT (S (NP (NN um)) (VP (VBP have) (S (NP (PRP you)) (VP (VBN done) (NP (PRP$ your) (NN attitude) (NN survey)) (PP (IN for) (NP (DT this) (NN year) (RB yet))))))))	(ROOT (SINV (ADVP (RB So) (RB far)) (VBP have) (NP (PRP you)) (VP (VBN managed) (S (VP (TO to) (VP (VB complete) (NP (PRP$ your) (NN attitude) (NN survey)))))) (. ?)))	um have you done your attitude survey for this year yet	So far have you managed to complete your attitude survey?	entailment	entailment
154402	154402	139796	139796n	fiction	( I ( ( 've ( ( protected her ) ( ( as much ) ( as ( I could ) ) ) ) ) . ) )	( I ( ( ( have n't ) ( protected ( her enough ) ) ) . ) )	(ROOT (S (NP (PRP I)) (VP (VBP 've) (VP (VBN protected) (NP (PRP her)) (ADVP (ADVP (RB as) (RB much)) (SBAR (IN as) (S (NP (PRP I)) (VP (MD could))))))) (. .)))	(ROOT (S (NP (PRP I)) (VP (VBP have) (RB n't) (VP (VBN protected) (NP (PRP$ her) (NN enough)))) (. .)))	I've protected her as much as I could. 	I haven't protected her enough.	neutral	neutral
390247	390247	5865	5865c	government	( ( IRS ( Systems ( Security ( and ( Employee Browsing ) ) ) ) ) ( ( Not ( Being ( Addressed ( Effectively ( and ( Budget Requests ) ) ) ) ) ) ( for ( ( ( New ( Systems Development ) ) ( Not Justified ) ) ( -LRB- ( ( ( ( GAO/T-AIMD ( -97 -82 ) ) , ) ( ( ( April 15 ) , ) 1997 ) ) -RRB- ) ) ) ) ) )	( ( IRS ( systems security ) ) ( ( is ( being ( addressed effectively ) ) ) . ) )	(ROOT (NP (NP (NNP IRS) (NNPS Systems) (NNP Security) (CC and) (NNP Employee) (NNP Browsing)) (NP (NP (RB Not) (JJ Being) (NNP Addressed) (NNP Effectively) (CC and) (NNP Budget) (NNP Requests)) (PP (IN for) (NP (NP (NP (NNP New) (NNPS Systems) (NNP Development)) (ADJP (RB Not) (JJ Justified))) (PRN (-LRB- -LRB-) (NP (NP (NNP GAO/T-AIMD) (NNP -97) (NNP -82)) (, ,) (NP (NNP April) (CD 15) (, ,) (CD 1997))) (-RRB- -RRB-)))))))	(ROOT (S (NP (NNP IRS) (NNS systems) (NN security)) (VP (VBZ is) (VP (VBG being) (VP (VBN addressed) (ADVP (RB effectively))))) (. .)))	IRS Systems Security and  Employee Browsing Not Being Addressed Effectively and Budget Requests for New Systems Development Not Justified (GAO/T-AIMD-97-82, April 15, 1997)	IRS systems security is being addressed effectively. 	contradiction	contradiction
280355	280355	55081	55081e	telephone	( if ( ( he ( if ( he ( had ( enough ( snap ( to ( do ( that ( he ( knew ( what ( he ( was ( doing ( ( the penalty ) assessed ) ) ) ) ) ) ) ) ) ) ) ) ) ) ) ) ( is ( death period ) ) ) )	( ( The penalty ) ( ( has ( been assessed ) ) . ) )	(ROOT (SBAR (IN if) (S (NP (NP (PRP he)) (SBAR (IN if) (S (NP (PRP he)) (VP (VBD had) (NP (JJ enough) (NN snap) (S (VP (TO to) (VP (VB do) (SBAR (IN that) (S (NP (PRP he)) (VP (VBD knew) (SBAR (WHNP (WP what)) (S (NP (PRP he)) (VP (VBD was) (VP (VBG doing) (NP (NP (DT the) (NN penalty)) (VP (VBN assessed)))))))))))))))))) (VP (VBZ is) (NP (NN death) (NN period))))))	(ROOT (S (NP (DT The) (NN penalty)) (VP (VBZ has) (VP (VBN been) (VP (VBN assessed)))) (. .)))	if he if he had enough snap to do that he knew what he was doing the penalty assessed is death period	The penalty has been assessed.	entailment	entailment
141232	141232	32514	32514c	fiction	( ( That one ) ( ( 's ( ( ( ( ( chewin ' ) ( th ( ' bit ) ) ) an ) ' ) ( ( gittin ' ) ( ready ( to ( hump ( under ( ( th ' ) saddle ) ) ) ) ) ) ) ) . ) )	( There ( ( was ( one ( that ( was singing ) ) ) ) . ) )	(ROOT (S (NP (DT That) (NN one)) (VP (VBZ 's) (NP (NP (NP (NN chewin) (POS ')) (NN th) ('' ') (NN bit)) (, an) ('' ') (NP (NP (NN gittin) (POS ')) (NN ready) (S (VP (TO to) (VP (VB hump) (PP (IN under) (NP (NP (NNP th) (POS ')) (NN saddle))))))))) (. .)))	(ROOT (S (NP (EX There)) (VP (VBD was) (NP (NP (CD one)) (SBAR (WHNP (WDT that)) (S (VP (VBD was) (VP (VBG singing))))))) (. .)))	That one's chewin' th' bit an' gittin' ready to hump under th' saddle.	There was one that was singing.	contradiction	contradiction
89979	89979	18488	18488e	telephone	( ( i ( never ( thought ( i ( would ( get ( rusty ( but i ) ) ) ) ) ) ) ) ( ( 'm rusty ) now ) )	( ( ( ( I ( ( did n't ) ( think ( I ( 'd ( get rusty ) ) ) ) ) ) but ) ( I am ) ) . )	(ROOT (SINV (S (NP (FW i)) (ADVP (RB never)) (VP (VBD thought) (SBAR (S (NP (FW i)) (VP (MD would) (VP (VB get) (NP (NP (JJ rusty)) (PP (CC but) (NP (FW i)))))))))) (VP (VBP 'm) (ADJP (JJ rusty))) (NP (RB now))))	(ROOT (S (S (NP (PRP I)) (VP (VBD did) (RB n't) (VP (VB think) (SBAR (S (NP (PRP I)) (VP (MD 'd) (VP (VB get) (NP (JJ rusty))))))))) (CC but) (S (NP (PRP I)) (VP (VBP am))) (. .)))	i never thought i would get rusty but i'm rusty now	I didn't think I'd get rusty but I am.	entailment	entailment
318223	318223	138571	138571n	government	( ( These flexibilities ) ( ( ( are generally ) ( provided ( as ( ( part ( of ( the appropriations ) ) ) ( ( ( ( process and ) consider ) ( ( the balance ) ( between ( ( accountability and ) flexibility ) ) ) ) ( to ( ensure ( that ( Congress ( is ( ( a partner ) ( in ( ( the spending ) ( of ( taxpayer funds ) ) ) ) ) ) ) ) ) ) ) ) ) ) ) . ) )	( Congress ( ( must ( ( approve ( ( all disbursements ) ( of ( tax money ) ) ) ) ( before ( they ( can ( be spent ) ) ) ) ) ) . ) )	(ROOT (S (NP (DT These) (NNS flexibilities)) (VP (VBP are) (ADVP (RB generally)) (VP (VBN provided) (SBAR (IN as) (S (NP (NP (NN part)) (PP (IN of) (NP (DT the) (NNS appropriations)))) (VP (VBP process) (CC and) (VBP consider) (NP (NP (DT the) (NN balance)) (PP (IN between) (NP (NN accountability) (CC and) (NN flexibility)))) (S (VP (TO to) (VP (VB ensure) (SBAR (IN that) (S (NP (NNP Congress)) (VP (VBZ is) (NP (NP (DT a) (NN partner)) (PP (IN in) (NP (NP (DT the) (NN spending)) (PP (IN of) (NP (NN taxpayer) (NNS funds))))))))))))))))) (. .)))	(ROOT (S (NP (NNP Congress)) (VP (MD must) (VP (VB approve) (NP (NP (DT all) (NNS disbursements)) (PP (IN of) (NP (NN tax) (NN money)))) (SBAR (IN before) (S (NP (PRP they)) (VP (MD can) (VP (VB be) (VP (VBN spent)))))))) (. .)))	These flexibilities are generally provided as part of the appropriations process and consider the balance between accountability and flexibility to ensure that Congress is a partner in the spending of taxpayer funds.	Congress must approve all disbursements of tax money before they can be spent.	neutral	neutral
98142	98142	88917	88917c	travel	( ( ( ( Italian ( architects ( Renzo ( Piano ( and ( Gianfranco Franchi ) ) ) ) ) ) and ) ( Englishman ( Richard Rogers ) ) ) ( ( ( ( deliberately ( left ( ( ( the ( building 's ) ) ( service systems ) ) visible ) ) ) and ) ( ( ( ( ( ( ( ( ( ( color - ) ( red ( for ( the transportation ) ) ) ) , ) ( green ( for ( the ( water pipes ) ) ) ) ) , ) ( blue ( for ( the ( air-conditioning ducts ) ) ) ) ) , ) and ) yellow ) ( for ( the ( electrical system ) ) ) ) ) . ) )	( Blue ( ( is ( ( the color ) ( designated ( for ( the ( electrical system ) ) ) ) ) ) . ) )	(ROOT (S (NP (NP (JJ Italian) (NNS architects) (NNP Renzo) (NNP Piano) (CC and) (NNP Gianfranco) (NNP Franchi)) (CC and) (NP (NNP Englishman) (NNP Richard) (NNP Rogers))) (VP (VP (ADVP (RB deliberately)) (VBD left) (S (NP (NP (DT the) (NN building) (POS 's)) (NN service) (NNS systems)) (ADJP (JJ visible)))) (CC and) (VP (ADJP (ADJP (JJ color)) (: -) (ADJP (JJ red) (PP (IN for) (NP (DT the) (NN transportation)))) (, ,) (ADJP (JJ green) (PP (IN for) (NP (DT the) (NN water) (NNS pipes)))) (, ,) (ADJP (JJ blue) (PP (IN for) (NP (DT the) (JJ air-conditioning) (NNS ducts)))) (, ,) (CC and) (ADJP (JJ yellow))) (PP (IN for) (NP (DT the) (JJ electrical) (NN system))))) (. .)))	(ROOT (S (NP (NNP Blue)) (VP (VBZ is) (NP (NP (DT the) (NN color)) (VP (VBN designated) (PP (IN for) (NP (DT the) (JJ electrical) (NN system)))))) (. .)))	Italian architects Renzo Piano and Gianfranco Franchi and Englishman Richard Rogers deliberately left the building's service systems visible and color- red for the transportation, green for the water pipes, blue for the air-conditioning ducts, and yellow for the electrical system.	Blue is the color designated for the electrical system.	contradiction	contradiction
379439	379439	17090	17090c	fiction	( `` ( ( I ( 'll ( need ( some ( fine tools ) ) ) ) ) ( , ( '' ( he ( said . ) ) ) ) ) )	( ( I ( 'll ( need ( some ( shitty tools ) ) ) ) ) ( , ( she ( said . ) ) ) )	(ROOT (S (`` ``) (S (NP (PRP I)) (VP (MD 'll) (VP (VB need) (NP (DT some) (JJ fine) (NNS tools))))) (, ,) ('' '') (NP (PRP he)) (VP (VBD said)) (. .)))	(ROOT (S (S (NP (PRP I)) (VP (MD 'll) (VP (VB need) (NP (DT some) (JJ shitty) (NNS tools))))) (, ,) (NP (PRP she)) (VP (VBD said)) (. .)))	" ""I'll need some fine tools,"" he said."	I'll need some shitty tools, she said.	contradiction	contradiction
220444	220444	122382	122382e	travel	( ( North ( of Denderah ) ) ( ( ( ( is ( ( ( Abydos , ) ( ( 150 ( km ( -LRB- ( ( 93 miles ) -RRB- ) ) ) ) ( from Luxor ) ) ) , ) ) and ) ( erected ( for ( ( the worship ) ( of ( ( Osiris ( , God ) ) ( of ( the Underworld ) ) ) ) ) ) ) ) . ) )	( Abydos ( ( is ( situated ( to ( ( the north ) ( of Denderah ) ) ) ) ) . ) )	(ROOT (S (NP (NP (NNP North)) (PP (IN of) (NP (NNP Denderah)))) (VP (VP (VBZ is) (NP (NP (NNP Abydos)) (, ,) (NP (NP (CD 150) (NN km) (PRN (-LRB- -LRB-) (NP (CD 93) (NNS miles)) (-RRB- -RRB-))) (PP (IN from) (NP (NNP Luxor)))) (, ,))) (CC and) (VP (VBD erected) (PP (IN for) (NP (NP (DT the) (NN worship)) (PP (IN of) (NP (NP (NNP Osiris) (, ,) (NNP God)) (PP (IN of) (NP (DT the) (NNP Underworld))))))))) (. .)))	(ROOT (S (NP (NNS Abydos)) (VP (VBZ is) (ADJP (VBN situated) (PP (TO to) (NP (NP (DT the) (NN north)) (PP (IN of) (NP (NNP Denderah))))))) (. .)))	North of Denderah is Abydos, 150 km (93 miles) from Luxor, and erected for the worship of Osiris, God of the Underworld.	Abydos is situated to the north of Denderah. 	entailment	entailment
5559	5559	41560	41560e	fiction	( ( Good evening ) ( . ( '' ( He ( ( ( ( ( ( raised ( his hat ) ) ( with ( a flourish ) ) ) , ) and ) ( walked away ) ) . ) ) ) ) )	( He ( ( ( ( ( ( ( said ( good morning ) ) and ) ( raised ( his hat ) ) ) , ) then ) ( walked away ) ) . ) )	(ROOT (S (INTJ (JJ Good) (NN evening)) (. .) ('' '') (NP (PRP He)) (VP (VP (VBD raised) (NP (PRP$ his) (NN hat)) (PP (IN with) (NP (DT a) (NN flourish)))) (, ,) (CC and) (VP (VBD walked) (PRT (RP away)))) (. .)))	(ROOT (S (NP (PRP He)) (VP (VP (VBD said) (NP (JJ good) (NN morning))) (CC and) (VP (VBD raised) (NP (PRP$ his) (NN hat))) (, ,) (ADVP (RB then)) (VP (VBD walked) (PRT (RP away)))) (. .)))	"Good evening."" He raised his hat with a flourish, and walked away."	He said good morning and raised his hat, then walked away.	entailment	entailment
294201	294201	112013	112013e	telephone	( of ( ( ( course ( ( charged ( those puppies ) ) up ) ) and ) ( ( ( it 's ) ( oh boy ) ) ( when ( ( those bills ) ( start ( coming ( in ( they ( ( want ( ( a lot ) ( of money ) ) ) ( when ( you ( start ( ( getting them ) ( up there ) ) ) ) ) ) ) ) ) ) ) ) ) ) )	( they ( ( ( ask you ) ( for ( large payments ) ) ) ( when ( ( the bills ) ( start arriving ) ) ) ) )	(ROOT (X (X (IN of)) (NP (NP (NP (NN course)) (VP (VBN charged) (NP (DT those) (NNS puppies)) (PRT (RP up)))) (CC and) (NP (NP (NP (PRP it) (POS 's)) (JJ oh) (NN boy)) (SBAR (WHADVP (WRB when)) (S (NP (DT those) (NNS bills)) (VP (VBP start) (S (VP (VBG coming) (SBAR (IN in) (S (NP (PRP they)) (VP (VBP want) (NP (NP (DT a) (NN lot)) (PP (IN of) (NP (NN money)))) (SBAR (WHADVP (WRB when)) (S (NP (PRP you)) (VP (VBP start) (S (VP (VBG getting) (NP (PRP them)) (ADVP (RB up) (RB there)))))))))))))))))))	(ROOT (S (NP (PRP they)) (VP (VBP ask) (NP (PRP you)) (PP (IN for) (NP (JJ large) (NNS payments))) (SBAR (WHADVP (WRB when)) (S (NP (DT the) (NNS bills)) (VP (VBP start) (S (VP (VBG arriving)))))))))	of course charged those puppies up and it's oh boy when those bills start coming in they want a lot of money when you start getting them up there	they ask you for large payments when the bills start arriving	entailment	entailment
63854	63854	63437	63437n	fiction	( ( The ( simplest explanation ) ) ( ( ( ( is always ) ( the ( most likely ) ) ) . ) '' ) )	( ( The ( simplest explanation ) ) ( ( ( is often ) ( ( the ( correct one ) ) ( for ( a ( health problem ) ) ) ) ) . ) )	(ROOT (S (NP (DT The) (JJS simplest) (NN explanation)) (VP (VBZ is) (ADVP (RB always)) (NP (DT the) (ADJP (RBS most) (JJ likely)))) (. .) ('' '')))	(ROOT (S (NP (DT The) (JJS simplest) (NN explanation)) (VP (VBZ is) (ADVP (RB often)) (NP (NP (DT the) (JJ correct) (NN one)) (PP (IN for) (NP (DT a) (NN health) (NN problem))))) (. .)))	"The simplest explanation is always the most likely."""	The simplest explanation is often the correct one for a health problem.	neutral	neutral
19600	19600	71880	71880c	fiction	( But ( I ( ( do ( suggest ( that ( ( Miss Finn ) ( should ( remain here ) ) ) ) ) ) . ) ) )	( ( Miss Finn ) ( ( should ( leave immediately ) ) . ) )	(ROOT (S (CC But) (NP (PRP I)) (VP (VBP do) (SBAR (S (VP (VBP suggest) (SBAR (IN that) (S (NP (NNP Miss) (NNP Finn)) (VP (MD should) (VP (VB remain) (ADVP (RB here)))))))))) (. .)))	(ROOT (S (NP (NNP Miss) (NNP Finn)) (VP (MD should) (VP (VB leave) (ADVP (RB immediately)))) (. .)))	But I do suggest that Miss Finn should remain here.	Miss Finn should leave immediately. 	contradiction	contradiction
321191	321191	113879	113879n	slate	( ( Each piece ) ( ( was ( ( ( photographed ( for ( the archives ) ) ) , ) ( against ( just ( such ( a fate ) ) ) ) ) ) . ) )	( ( The artists ) ( ( were ( hoping ( that ( ( the pieces ) ( ( would never ) ( be forgotten ) ) ) ) ) ) . ) )	(ROOT (S (NP (DT Each) (NN piece)) (VP (VBD was) (VP (VBN photographed) (PP (IN for) (NP (DT the) (NNS archives))) (, ,) (PP (IN against) (NP (RB just) (PDT such) (DT a) (NN fate))))) (. .)))	(ROOT (S (NP (DT The) (NNS artists)) (VP (VBD were) (VP (VBG hoping) (SBAR (IN that) (S (NP (DT the) (NNS pieces)) (VP (MD would) (ADVP (RB never)) (VP (VB be) (VP (VBN forgotten)))))))) (. .)))	Each piece was photographed for the archives, against just such a fate.	The artists were hoping that the pieces would never be forgotten.	neutral	neutral
100309	100309	90131	90131e	travel	( ( ( ( ( ( Many Jews ) ( still ( use ( ( the ( ( evocative biblical ) names ) ) ( of ( ( Judea and ) Samaria ) ) ) ) ) ) , ) but ) ( ( to ( ( the rest ) ( of ( the world ) ) ) ) ( ( this area ) ( is ( much ( better ( known ( as ( ( ( ( ( the ( West Bank ) ) -LRB- ) or ) ( ( ( the ( Occupied Territories ) ) , ) ( though ( ( this term ) ( is ( unacceptable ( to ( many Israelis ) ) ) ) ) ) ) ) -RRB- ) ) ) ) ) ) ) ) ) . )	( ( Many Jews ) ( still ( ( use ( biblical names ) ) . ) ) )	(ROOT (S (S (NP (JJ Many) (NNPS Jews)) (ADVP (RB still)) (VP (VBP use) (NP (NP (DT the) (ADJP (JJ evocative) (JJ biblical)) (NNS names)) (PP (IN of) (NP (NNP Judea) (CC and) (NNP Samaria)))))) (, ,) (CC but) (S (PP (TO to) (NP (NP (DT the) (NN rest)) (PP (IN of) (NP (DT the) (NN world))))) (NP (DT this) (NN area)) (VP (VBZ is) (ADJP (RB much) (ADVP (RBR better)) (VBN known) (PP (IN as) (NP (NP (DT the) (NNP West) (NNP Bank)) (-LRB- -LRB-) (CC or) (NP (NP (DT the) (NNP Occupied) (NNPS Territories)) (, ,) (SBAR (IN though) (S (NP (DT this) (NN term)) (VP (VBZ is) (ADJP (JJ unacceptable) (PP (TO to) (NP (JJ many) (NNPS Israelis)))))))) (-RRB- -RRB-)))))) (. .)))	(ROOT (S (NP (JJ Many) (NNPS Jews)) (ADVP (RB still)) (VP (VBP use) (NP (JJ biblical) (NNS names))) (. .)))	Many Jews still use the evocative biblical names of Judea and Samaria, but to the rest of the world this area is much better known as the West Bank (or the Occupied Territories, though this term is unacceptable to many Israelis).	Many Jews still use biblical names. 	entailment	entailment
172946	172946	51926	51926e	slate	( ( In addition ) ( , ( ( the unions ) ( ( sponsored ( ( ( voter guides ) and ) ( a ( get-out-the-vote campaign ) ) ) ) . ) ) ) )	( Unions ( ( tried ( to ( ( ( get people ) out ) ( to vote ) ) ) ) . ) )	(ROOT (S (PP (IN In) (NP (NN addition))) (, ,) (NP (DT the) (NNS unions)) (VP (VBD sponsored) (NP (NP (NN voter) (NNS guides)) (CC and) (NP (DT a) (JJ get-out-the-vote) (NN campaign)))) (. .)))	(ROOT (S (NP (NNS Unions)) (VP (VBD tried) (S (VP (TO to) (VP (VB get) (NP (NNS people)) (PRT (RP out)) (S (VP (TO to) (VP (VB vote)))))))) (. .)))	In addition, the unions sponsored voter guides and a get-out-the-vote campaign.	Unions tried to get people out to vote.	entailment	entailment
176194	176194	46066	46066n	slate	( ( ( ( A ( British academic ) ) , ) Lee ) ( ( contends ( Woolf ( ( was n't ) ( ( nearly ( as mad ) ) ( as ( ( previous biographers ) ( have alleged ) ) ) ) ) ) ) . ) )	( Biographers ( ( ( label ( Woolf ( as ( ( ( ( a madman ) , ) ( a lunatic ) ) , ) ) ) ) ( if ( you will ) ) ) . ) )	(ROOT (S (NP (NP (DT A) (JJ British) (JJ academic)) (, ,) (NP (NNP Lee))) (VP (VBZ contends) (SBAR (S (NP (NNP Woolf)) (VP (VBD was) (RB n't) (ADJP (ADJP (RB nearly) (RB as) (JJ mad)) (SBAR (IN as) (S (NP (JJ previous) (NNS biographers)) (VP (VBP have) (VP (VBN alleged)))))))))) (. .)))	(ROOT (S (NP (NNS Biographers)) (VP (VBP label) (NP (NP (NNP Woolf)) (PP (IN as) (NP (NP (DT a) (NN madman)) (, ,) (NP (DT a) (NN lunatic)) (, ,)))) (SBAR (IN if) (S (NP (PRP you)) (VP (MD will))))) (. .)))	A British academic, Lee contends Woolf wasn't nearly as mad as previous biographers have alleged.	Biographers label Woolf as a madman, a lunatic, if you will.	neutral	neutral
183043	183043	140470	140470c	fiction	( He ( ( 'd ( have ( liked ( to ( ( know ( such ( a man ) ) ) ( before ( ( ( death and ) revivification ) ( had ( ruined him ) ) ) ) ) ) ) ) ) . ) )	( He ( ( was ( glad ( he ( ( did n't ) ( have ( to ( ( know ( this man ) ) before ) ) ) ) ) ) ) . ) )	(ROOT (S (NP (PRP He)) (VP (MD 'd) (VP (VB have) (VP (VBN liked) (S (VP (TO to) (VP (VB know) (NP (PDT such) (DT a) (NN man)) (SBAR (IN before) (S (NP (NN death) (CC and) (NN revivification)) (VP (VBD had) (VP (VBN ruined) (NP (PRP him)))))))))))) (. .)))	(ROOT (S (NP (PRP He)) (VP (VBD was) (ADJP (JJ glad) (SBAR (S (NP (PRP he)) (VP (VBD did) (RB n't) (VP (VB have) (S (VP (TO to) (VP (VB know) (NP (DT this) (NN man)) (ADVP (RB before))))))))))) (. .)))	He'd have liked to know such a man before death and revivification had ruined him.	He was glad he didn't have to know this man before.	contradiction	contradiction
350658	350658	24887	24887c	travel	( ( Throughout ( the 1990s ) ) ( , ( ( ( ( ( partly ( in ( preparation ( for ( the ( 2000 ( Millennium celebrations ) ) ) ) ) ) ) ( , ( facades ( were scrubbed ) ) ) ) and ) ( buildings ( generally refurbished ) ) ) . ) ) )	( ( New skyscrapers ) ( ( ( ( replaced buildings ) ( in preparation ) ) ( for ( the Millenium ) ) ) . ) )	(ROOT (S (PP (IN Throughout) (NP (DT the) (NNS 1990s))) (, ,) (S (PP (RB partly) (IN in) (NP (NP (NN preparation)) (PP (IN for) (NP (DT the) (CD 2000) (NNP Millennium) (NNS celebrations))))) (, ,) (NP (NNS facades)) (VP (VBD were) (VP (VBN scrubbed)))) (CC and) (S (NP (NNS buildings)) (VP (ADVP (RB generally)) (VBN refurbished))) (. .)))	(ROOT (S (NP (NNP New) (NNS skyscrapers)) (VP (VBD replaced) (NP (NNS buildings)) (PP (IN in) (NP (NN preparation))) (PP (IN for) (NP (DT the) (NNP Millenium)))) (. .)))	Throughout the 1990s, partly in preparation for the 2000 Millennium celebrations, facades were scrubbed and buildings generally refurbished.	New skyscrapers replaced buildings in preparation for the Millenium.	contradiction	contradiction
243848	243848	101265	101265e	government	( Texas ( ( has ( performed ( ( two reviews ) ( of ( ( the accuracy ) ( of ( ( ( ( its ( health ( care payments-one ) ) ) ( in ( December 1998 ) ) ) and ) ( ( a second ) ( in ( January 2001 ) ) ) ) ) ) ) ) ) ) . ) )	( ( Two reviews ) ( ( have ( been ( done ( of ( Texas ( health ( care payments ) ) ) ) ) ) ) . ) )	(ROOT (S (NP (NNP Texas)) (VP (VBZ has) (VP (VBN performed) (NP (NP (CD two) (NNS reviews)) (PP (IN of) (NP (NP (DT the) (NN accuracy)) (PP (IN of) (NP (NP (NP (PRP$ its) (NN health) (NN care) (NN payments-one)) (PP (IN in) (NP (NNP December) (CD 1998)))) (CC and) (NP (NP (DT a) (NN second)) (PP (IN in) (NP (NNP January) (CD 2001))))))))))) (. .)))	(ROOT (S (NP (CD Two) (NNS reviews)) (VP (VBP have) (VP (VBN been) (VP (VBN done) (PP (IN of) (NP (NNP Texas) (NN health) (NN care) (NNS payments)))))) (. .)))	Texas has performed two reviews of the accuracy of its health care payments-one in December 1998 and a second in January 2001.	Two reviews have been done of Texas health care payments.	entailment	entailment
263328	263328	23528	23528e	fiction	( ( The mercenaries ) ( ( seek money ) . ) )	( Money ( ( is ( sought ( after ( by ( the mercenaries ) ) ) ) ) . ) )	(ROOT (S (NP (DT The) (NNS mercenaries)) (VP (VBP seek) (NP (NN money))) (. .)))	(ROOT (S (NP (NNP Money)) (VP (VBZ is) (VP (VBN sought) (PP (IN after) (PP (IN by) (NP (DT the) (NNS mercenaries)))))) (. .)))	The mercenaries seek money.	Money is sought after by the mercenaries.	entailment	entailment
9268	9268	118368	118368c	telephone	( ( ( do it ) and ) ( ( ( get it ) over ) with ) )	( ( ( Do n't ) ( do ( it ( , ( prolong ( it ( as ( long ( as possible ) ) ) ) ) ) ) ) ) . )	(ROOT (S (VP (VP (VB do) (NP (PRP it))) (CC and) (VP (VB get) (NP (PRP it)) (PRT (RP over)) (PP (IN with))))))	(ROOT (S (VP (VB Do) (RB n't) (VP (VB do) (S (NP (PRP it)) (, ,) (VP (VB prolong) (S (NP (PRP it)) (ADJP (RB as) (JJ long) (PP (IN as) (ADJP (JJ possible))))))))) (. .)))	do it and get it over with	Don't do it, prolong it as long as possible.	contradiction	contradiction
36404	36404	120646	120646c	travel	( ( ( A number ) ( of ( sightseeing attractions ) ) ) ( ( ( should also ) ( appeal ( to ( ( children , ) ( as ( ( should Madeira ) ( 's ( ( ( outdoor activities ) and ) ( scenic beauty ) ) ) ) ) ) ) ) ) . ) )	( ( Not ( ( many attractions ) ( ( appeal ( to children ) ) there ) ) ) ( , ( it ( ( 's ( an ( adult-only zone ) ) ) . ) ) ) )	(ROOT (S (NP (NP (DT A) (NN number)) (PP (IN of) (NP (NN sightseeing) (NNS attractions)))) (VP (MD should) (ADVP (RB also)) (VP (VB appeal) (PP (TO to) (NP (NP (NNS children)) (, ,) (SBAR (IN as) (SINV (MD should) (NP (NNP Madeira)) (VP (VBZ 's) (NP (NP (JJ outdoor) (NNS activities)) (CC and) (NP (JJ scenic) (NN beauty)))))))))) (. .)))	(ROOT (S (SBAR (RB Not) (S (NP (JJ many) (NNS attractions)) (VP (VBP appeal) (PP (TO to) (NP (NNS children))) (ADVP (RB there))))) (, ,) (NP (PRP it)) (VP (VBZ 's) (NP (DT an) (JJ adult-only) (NN zone))) (. .)))	A number of sightseeing attractions should also appeal to children, as should Madeira's outdoor activities and scenic beauty.	Not many attractions appeal to children there, it's an adult-only zone.	contradiction	contradiction
160506	160506	46840	46840c	government	( ( The ( default procedures ) ) ( ( ( provide ( for ( ( the sale ) ( of ( all allowances ) ) ) ) ) ( at ( a ( single ( , ( clearing price ) ) ) ) ) ) . ) )	( ( Few ( of these ) ) ( ( have ( been ( sold ( without ( needing ( to ( do ( multiple sales ) ) ) ) ) ) ) ) . ) )	(ROOT (S (NP (DT The) (NN default) (NNS procedures)) (VP (VBP provide) (PP (IN for) (NP (NP (DT the) (NN sale)) (PP (IN of) (NP (DT all) (NNS allowances))))) (PP (IN at) (NP (DT a) (JJ single) (, ,) (JJ clearing) (NN price)))) (. .)))	(ROOT (S (NP (NP (JJ Few)) (PP (IN of) (NP (DT these)))) (VP (VBP have) (VP (VBN been) (VP (VBN sold) (PP (IN without) (S (VP (VBG needing) (S (VP (TO to) (VP (VB do) (NP (JJ multiple) (NNS sales))))))))))) (. .)))	The default procedures provide for the sale of all allowances at a single, clearing price.	Few of these have been sold without needing to do multiple sales.	contradiction	contradiction
68966	68966	83053	83053n	slate	( ( Let ( 's ( ( ( ( ( call ( ( Paxon 's ) bluff ) ) and ) ( see ( if ( he ( ( stays ( close ( to home ) ) ) ( to ( nurture Suby ) ) ) ) ) ) ) or ) ( takes ( another ( demanding job ) ) ) ) ) ) . )	( We ( ( think ( Paxon ( will ( make ( one ( of ( two decisions ) ) ) ) ) ) ) . ) )	(ROOT (S (VP (VB Let) (S (NP (POS 's)) (VP (VP (VB call) (NP (NP (NNP Paxon) (POS 's)) (NN bluff))) (CC and) (VP (VB see) (SBAR (IN if) (S (NP (PRP he)) (VP (VBZ stays) (ADVP (NN close) (TO to) (NN home)) (S (VP (TO to) (VP (VB nurture) (NP (NNP Suby))))))))) (CC or) (VP (VBZ takes) (NP (DT another) (JJ demanding) (NN job)))))) (. .)))	(ROOT (S (NP (PRP We)) (VP (VBP think) (SBAR (S (NP (NNP Paxon)) (VP (MD will) (VP (VB make) (NP (NP (CD one)) (PP (IN of) (NP (CD two) (NNS decisions))))))))) (. .)))	Let's call Paxon's bluff and see if he stays close to home to nurture Suby or takes another demanding job.	We think Paxon will make one of two decisions. 	neutral	neutral
172819	172819	142117	142117e	slate	( Reich ( ( has ( ( replaced ( a ( dull ( , ( earnestly ( wonkish hearing ) ) ) ) ) ) ( with ( ( a ( Hollywood script ) ) ( ( in which ) ( ( a ( mean Republican ) ) ( hammers ( a ( decent Democrat ) ) ) ) ) ) ) ) ) . ) )	( Democrats ( ( are ( ( portrayed more ) ( positively ( than Republicans ) ) ) ) . ) )	(ROOT (S (NP (NNP Reich)) (VP (VBZ has) (VP (VBN replaced) (NP (DT a) (JJ dull) (, ,) (JJ earnestly) (NN wonkish) (NN hearing)) (PP (IN with) (NP (NP (DT a) (NNP Hollywood) (NN script)) (SBAR (WHPP (IN in) (WHNP (WDT which))) (S (NP (DT a) (JJ mean) (NNP Republican)) (VP (VBZ hammers) (NP (DT a) (JJ decent) (NNP Democrat))))))))) (. .)))	(ROOT (S (NP (NNPS Democrats)) (VP (VBP are) (VP (VBN portrayed) (ADVP (RBR more)) (PP (ADVP (RB positively)) (IN than) (NP (NNPS Republicans))))) (. .)))	Reich has replaced a dull, earnestly wonkish hearing with a Hollywood script in which a mean Republican hammers a decent Democrat.	Democrats are portrayed more positively than Republicans.	entailment	entailment
242656	242656	55845	55845c	slate	( ( As ( ( Tim Russert ) ( ( ( put it ) ( to ( ( Deputy Secretary ) ( of ( State ( Strobe Talbott ) ) ) ) ) ) ( on ( Meet ( the Press ) ) ) ) ) ) ( , ( ( The atrocities ) ( continue . ) ) ) )	( ( Strobe Talbott ) ( ( ( has never ) ( appeared ( on ( Meet ( the Press ) ) ) ) ) . ) )	(ROOT (S (SBAR (IN As) (S (NP (NNP Tim) (NNP Russert)) (VP (VBD put) (NP (PRP it)) (PP (TO to) (NP (NP (NNP Deputy) (NNP Secretary)) (PP (IN of) (NP (NNP State) (NNP Strobe) (NNP Talbott))))) (PP (IN on) (S (VP (NNP Meet) (NP (DT the) (NNP Press)))))))) (, ,) (NP (DT The) (NNS atrocities)) (VP (VBP continue)) (. .)))	(ROOT (S (NP (NNP Strobe) (NNP Talbott)) (VP (VBZ has) (ADVP (RB never)) (VP (VBN appeared) (PP (IN on) (S (VP (NNP Meet) (NP (DT the) (NNP Press))))))) (. .)))	As Tim Russert put it to Deputy Secretary of State Strobe Talbott on Meet the Press , The atrocities continue.	Strobe Talbott has never appeared on Meet the Press.	contradiction	contradiction
300935	300935	132365	132365e	slate	( ( As ( in ( ( ( ( the case ) ( of ( ( slavery and ) ( the Holocaust ) ) ) ) , ) ( alongside ( which ( ( the famine ) ( will ( be taught ) ) ) ) ) ) ) ) ( , ( there ( ( must ( be ( a culprit ) ) ) . ) ) ) )	( ( The famine ) ( ( will ( be ( taught ( alongside ( ( slavery and ) ( the Holocaust ) ) ) ) ) ) . ) )	(ROOT (S (PP (IN As) (IN in) (NP (NP (DT the) (NN case)) (PP (IN of) (NP (NP (NN slavery)) (CC and) (NP (DT the) (NN Holocaust)))) (, ,) (PP (IN alongside) (SBAR (WHNP (WDT which)) (S (NP (DT the) (NN famine)) (VP (MD will) (VP (VB be) (VP (VBN taught))))))))) (, ,) (NP (EX there)) (VP (MD must) (VP (VB be) (NP (DT a) (NN culprit)))) (. .)))	(ROOT (S (NP (DT The) (NN famine)) (VP (MD will) (VP (VB be) (VP (VBN taught) (PP (IN alongside) (NP (NP (NN slavery)) (CC and) (NP (DT the) (NN Holocaust))))))) (. .)))	As in the case of slavery and the Holocaust, alongside which the famine will be taught, there must be a culprit.	The famine will be taught alongside slavery and the Holocaust. 	entailment	entailment
104990	104990	80487	80487e	travel	( ( Small ( stone houses ) ) ( ( ( crowd ( the ( town center ) ) ) ( with ( ( fine ( Ottoman houses ) ) ( along ( ( the ( northern edge ) ) ( of town ) ) ) ) ) ) . ) )	( There ( ( are ( ( a lot ) ( of ( ( small ( stone houses ) ) ( in ( the ( town center ) ) ) ) ) ) ) . ) )	(ROOT (S (NP (JJ Small) (NN stone) (NNS houses)) (VP (VBP crowd) (NP (DT the) (NN town) (NN center)) (PP (IN with) (NP (NP (JJ fine) (NNP Ottoman) (NNS houses)) (PP (IN along) (NP (NP (DT the) (JJ northern) (NN edge)) (PP (IN of) (NP (NN town)))))))) (. .)))	(ROOT (S (NP (EX There)) (VP (VBP are) (NP (NP (DT a) (NN lot)) (PP (IN of) (NP (NP (JJ small) (NN stone) (NNS houses)) (PP (IN in) (NP (DT the) (NN town) (NN center))))))) (. .)))	Small stone houses crowd the town center with fine Ottoman houses along the northern edge of town.	There are a lot of small stone houses in the town center.	entailment	entailment
38894	38894	73675	73675n	travel	( And ( ( to ( ( the north ) ( of ( ( ( ( the palace ) ( are ( ( ( ( ( ( the ( 13th-century ( Gothic Notre-Dame ) ) ) and ) , ) ( along ( ( ( the ( Rue ( de ( la Chouette ) ) ) ) and ) ( the ( Rue Verrerie ) ) ) ) ) , ) ( attractive late-Gothic ) ) ) ) and ) ( ( ( Renaissance houses ) , ) ( with ( picturesque ( inner courtyards ) ) ) ) ) ) ) ) ( , ( that ( ( have ( been ( transformed ( into ( antiques shops ) ) ) ) ) . ) ) ) ) )	( The ( ( are ( ( seven ( antique shops ) ) ( along ( the ( Rue Verrerie ) ) ) ) ) . ) )	(ROOT (S (CC And) (PP (TO to) (NP (NP (DT the) (NN north)) (PP (IN of) (S (S (NP (DT the) (NN palace)) (VP (VBP are) (NP (NP (DT the) (JJ 13th-century) (JJ Gothic) (NN Notre-Dame)) (CC and) (, ,) (PP (IN along) (NP (NP (DT the) (NNP Rue) (FW de) (FW la) (NNP Chouette)) (CC and) (NP (DT the) (NNP Rue) (NNP Verrerie)))) (, ,) (ADJP (JJ attractive) (JJ late-Gothic))))) (CC and) (S (NP (NNP Renaissance) (NNS houses)) (, ,) (PP (IN with) (NP (JJ picturesque) (JJ inner) (NNS courtyards)))))))) (, ,) (NP (DT that)) (VP (VBP have) (VP (VBN been) (VP (VBN transformed) (PP (IN into) (NP (JJ antiques) (NNS shops)))))) (. .)))	(ROOT (S (NP (NNP The)) (VP (VBP are) (NP (NP (CD seven) (JJ antique) (NNS shops)) (PP (IN along) (NP (DT the) (NNP Rue) (NNP Verrerie))))) (. .)))	And to the north of the palace are the 13th-century Gothic Notre-Dame and, along the Rue de la Chouette and the Rue Verrerie, attractive late-Gothic and Renaissance houses, with picturesque inner courtyards, that have been transformed into antiques shops.	The are seven antique shops along the Rue Verrerie.	neutral	neutral
374734	374734	65368	65368n	slate	( Finally ( , ( ( ( the meeting ) over ) ( , ( he ( ( ( ( races out ) ( the ( back exit ) ) ) ( before ( they ( can ( pummel me ) ) ) ) ) . ) ) ) ) ) )	( Everyone ( ( should ( ( evacuate ( to ( an exit ) ) ) ( if ( there ( is ( a fire ) ) ) ) ) ) . ) )	(ROOT (S (ADVP (RB Finally)) (, ,) (ADVP (NP (DT the) (NN meeting)) (RB over)) (, ,) (NP (PRP he)) (VP (VBD races) (PRT (RP out)) (NP (DT the) (JJ back) (NN exit)) (SBAR (IN before) (S (NP (PRP they)) (VP (MD can) (VP (VB pummel) (NP (PRP me))))))) (. .)))	(ROOT (S (NP (NN Everyone)) (VP (MD should) (VP (VB evacuate) (PP (TO to) (NP (DT an) (NN exit))) (SBAR (IN if) (S (NP (EX there)) (VP (VBZ is) (NP (DT a) (NN fire))))))) (. .)))	Finally, the meeting over, he races out the back exit before they can pummel me.	Everyone should evacuate to an exit if there is a fire.	neutral	neutral
83440	83440	18279	18279c	government	( ( The submission ) ( ( estimates ( ( ( the burden ) ( per response ) ) ( to ( be ( ( 20 minutes ) ( for ( ( an ( annual ( hour burden ) ) ) ( of 355,333 ) ) ) ) ) ) ) ) . ) )	( ( ( The estimate ) ( of ( ( the burden ) ( per response ) ) ) ) ( ( is ( 10 minutes ) ) . ) )	(ROOT (S (NP (DT The) (NN submission)) (VP (VBZ estimates) (S (NP (NP (DT the) (NN burden)) (PP (IN per) (NP (NN response)))) (VP (TO to) (VP (VB be) (NP (NP (CD 20) (NNS minutes)) (PP (IN for) (NP (NP (DT an) (JJ annual) (NN hour) (NN burden)) (PP (IN of) (NP (CD 355,333)))))))))) (. .)))	(ROOT (S (NP (NP (DT The) (NN estimate)) (PP (IN of) (NP (NP (DT the) (NN burden)) (PP (IN per) (NP (NN response)))))) (VP (VBZ is) (NP (CD 10) (NNS minutes))) (. .)))	The submission estimates the burden per response to be 20 minutes for an annual hour burden of 355,333.	The estimate of the burden per response is 10 minutes.  	contradiction	contradiction
63495	63495	48751	48751e	government	( ( Table 2.2 ) ( ( gives ( ( an example ) ( of ( a ( ( ( less and ) ( a ( more complex ) ) ) instance ) ) ) ) ) . ) )	( ( Table 2.2 ) ( ( shows ( a ( ( ( less and ) ( more complex ) ) example ) ) ) . ) )	(ROOT (S (NP (NNP Table) (CD 2.2)) (VP (VBZ gives) (NP (NP (DT an) (NN example)) (PP (IN of) (NP (DT a) (ADJP (ADJP (JJR less)) (CC and) (ADJP (DT a) (RBR more) (JJ complex))) (NN instance))))) (. .)))	(ROOT (S (NP (NNP Table) (CD 2.2)) (VP (VBZ shows) (NP (DT a) (ADJP (ADJP (JJR less)) (CC and) (ADJP (RBR more) (JJ complex))) (NN example))) (. .)))	Table 2.2 gives an example of a less and a more complex instance. 	Table 2.2 shows a less and more complex example.	entailment	entailment
390826	390826	138926	138926n	telephone	( ( uh-huh ( uh-huh uh-huh ) ) ( ( ( no now ) i ) ( like ( ( ( to ( ( go out ) ( ( ( like ( ( several times ) ( a year ) ) ) ( but not ) ) ( on ( a ( on ( ( the ( regular basis ) ) ( i ( have ( ( some friends ) ( who ( ( ( go out ) ( every ( single weekend ) ) ) ( when ( you ( know ( in ( the ( season uh ) ) ) ) ) ) ) ) ) ) ) ) ) ) ) ) ) ) and ) ( and ( i ( just ( ( could n't ) ( do ( that ( you know ) ) ) ) ) ) ) ) ) ) )	( I ( ( 'm ( too ( old ( to ( ( go out ) ( drinking ( every weekend ) ) ) ) ) ) ) . ) )	(ROOT (FRAG (NP (JJ uh-huh) (JJ uh-huh) (NN uh-huh)) (ADJP (ADJP (ADVP (RB no) (RB now)) (JJ i)) (SBAR (IN like) (S (S (VP (TO to) (VP (VB go) (PRT (RP out)) (PP (PP (IN like) (NP (NP (QP (JJ several) (NNS times))) (NP (DT a) (NN year)))) (CONJP (CC but) (RB not)) (PP (IN on) (NP (NP (SYM a)) (PP (IN on) (NP (NP (DT the) (JJ regular) (NN basis)) (SBAR (S (NP (FW i)) (VP (VBP have) (NP (NP (DT some) (NNS friends)) (SBAR (WHNP (WP who)) (S (VP (VBP go) (PRT (RP out)) (NP (DT every) (JJ single) (NN weekend)) (SBAR (WHADVP (WRB when)) (S (NP (PRP you)) (VP (VBP know) (PP (IN in) (NP (DT the) (NN season) (NN uh))))))))))))))))))))) (CC and) (S (CC and) (S (NP (FW i)) (ADVP (RB just)) (VP (MD could) (RB n't) (VP (VB do) (SBAR (IN that) (S (NP (PRP you)) (VP (VBP know)))))))))))))	(ROOT (S (NP (PRP I)) (VP (VBP 'm) (ADJP (RB too) (JJ old) (S (VP (TO to) (VP (VB go) (PRT (RP out)) (S (VP (VBG drinking) (NP (DT every) (NN weekend))))))))) (. .)))	uh-huh uh-huh uh-huh no now i like to go out like several times a year but not on a on the regular basis i have some friends who go out every single weekend when you know in the season uh and and i just couldn't do that you know	I'm too old to go out drinking every weekend.	neutral	neutral
152938	152938	120881	120881e	telephone	( ( ( ( well as ) ( as ( you ( say ( ( the ( the ( um benefits ) ) ) ( are ( ( ( the ( biggest part ) ) ( of it ) ) ( i ( think ( that ( ( today ( with costs ) ) ( ( uh ( for ( ( ( ( ( medical insurance ) and ) eyeglasses ) and ) ( ( dental and ) all ) ) ) ) ( that ( it ( ( is ( ( a boom ) ( a a ) ) ) ( a ( plus ( to ( have ( that ( even ( as ( far ( as ( ( your ( uh salary ) ) ( goes ( you ( ( ( know along ) ( with it ) ) ( because ( it ( ( 's not ) ( out ( of ( pocket money ) ) ) ) ) ) ) ) ) ) ) ) ) ) ) ) ) ) ) ) ) ) ) ) ) ) ) ) ) ) ) ) ) ) and ) ( ( it ( they ( also ( have ( good insurance ) ) ) ) ) ( ( ( ( uh ( life ( insurance policies ) ) ) ( good retirement ) ) ( Dakota ( ( the um ) ( jet funds ) ) ) ) ( ( all ( that stuff ) ) ( i ( think ( you ( know ( ( the IRA ) 's ) ) ) ) ) ) ) ) )	( They ( ( have ( good ( insurance ( and ( life ( insurance polices ) ) ) ) ) ) . ) )	(ROOT (FRAG (FRAG (ADVP (RB well) (RB as)) (SBAR (IN as) (S (NP (PRP you)) (VP (VBP say) (SBAR (S (NP (DT the) (DT the) (NN um) (NNS benefits)) (VP (VBP are) (NP (NP (DT the) (JJS biggest) (NN part)) (PP (IN of) (NP (PRP it))) (SBAR (S (NP (FW i)) (VP (VBP think) (SBAR (IN that) (S (NP (NP (NN today)) (PP (IN with) (NP (NNS costs)))) (VP (VBD uh) (PP (IN for) (NP (NP (NP (JJ medical) (NN insurance)) (CC and) (NP (NNS eyeglasses))) (CC and) (NP (NP (JJ dental)) (CC and) (NP (DT all))))) (SBAR (IN that) (S (NP (PRP it)) (VP (VBZ is) (ADVP (NP (DT a) (NN boom)) (FW a) (FW a)) (NP (DT a) (NN plus) (S (VP (TO to) (VP (VB have) (NP (NP (DT that)) (ADVP (RB even) (RB as) (RB far) (SBAR (IN as) (S (NP (PRP$ your) (JJ uh) (NN salary)) (VP (VBZ goes) (SBAR (S (NP (PRP you)) (VP (VBP know) (ADVP (RB along)) (PP (IN with) (NP (PRP it))) (SBAR (IN because) (S (NP (PRP it)) (VP (VBZ 's) (RB not) (ADJP (IN out) (PP (IN of) (NP (NN pocket) (NN money)))))))))))))))))))))))))))))))))))) (CC and) (FRAG (NP (NP (PRP it)) (SBAR (S (NP (PRP they)) (ADVP (RB also)) (VP (VBP have) (NP (JJ good) (NN insurance)))))) (X (X (NP (NP (JJ uh) (NN life) (NN insurance) (NNS policies)) (NP (JJ good) (NN retirement))) (NP (NNP Dakota)) (NP (NP (DT the) (NN um)) (NP (NN jet) (NNS funds)))) (NP (NP (PDT all) (DT that) (NN stuff)) (SBAR (S (NP (FW i)) (VP (VBP think) (SBAR (S (NP (PRP you)) (VP (VBP know) (SBAR (S (NP (DT the) (NNP IRA)) (VP (VBZ 's)))))))))))))))	(ROOT (S (NP (PRP They)) (VP (VBP have) (NP (JJ good) (NN insurance) (CC and) (NN life) (NN insurance) (NNS polices))) (. .)))	well as as you say the the um benefits are the biggest part of it i think that today with costs uh for medical insurance and eyeglasses and dental and all that it is a boom a a a plus to have that even as far as your uh salary goes you know along with it because it's not out of pocket money and it they also have good insurance uh life insurance policies good retirement Dakota the um jet funds all that stuff i think you know the IRA's	They have good insurance and life insurance polices.	entailment	entailment
67434	67434	141749	141749n	slate	( Santa ( ( ( ( delivers ( to ( wrong house ) ) ) , ) ( returns ( to ( ( take it ) back ) ) ) ) . ) )	( Santa ( ( ( ( took ( the presents ) ) back ) ( from ( the ( crying children ) ) ) ) . ) )	(ROOT (S (NP (NNP Santa)) (VP (VBZ delivers) (PP (TO to) (NP (JJ wrong) (NN house))) (, ,) (S (NP (NNS returns)) (VP (TO to) (VP (VB take) (NP (PRP it)) (ADVP (RB back)))))) (. .)))	(ROOT (S (NP (NNP Santa)) (VP (VBD took) (NP (DT the) (NNS presents)) (ADVP (RB back)) (PP (IN from) (NP (DT the) (JJ crying) (NNS children)))) (. .)))	Santa delivers to wrong house, returns to take it back.	Santa took the presents back from the crying children.	neutral	neutral
31032	31032	79293	79293c	slate	( ( If ( ( somewhere ( on ( your travels ) ) ) ( you ( find ( you ( suddenly ( need ( ( a ( ( really good ) suit ) ) ( for ( the day ) ) ) ) ) ) ) ) ) ) ( , ( that ( ( would ( be ( ( ( ( ( arranged , ) ( like ( a ( rental car ) ) ) ) , ) or ) ( added ( as ( an ( extra ( hotel service ) ) ) ) ) ) ) ) . ) ) ) )	( ( ( Extra ( hotel services ) ) ( such ( as ( rental cars ) ) ) ) ( ( ( can not ) ( be added ) ) . ) )	(ROOT (S (SBAR (IN If) (S (PP (RB somewhere) (IN on) (NP (PRP$ your) (NNS travels))) (NP (PRP you)) (VP (VBP find) (SBAR (S (NP (PRP you)) (ADVP (RB suddenly)) (VP (VBP need) (NP (NP (DT a) (ADJP (RB really) (JJ good)) (NN suit)) (PP (IN for) (NP (DT the) (NN day)))))))))) (, ,) (NP (DT that)) (VP (MD would) (VP (VB be) (VP (VP (VBN arranged) (, ,) (PP (IN like) (NP (DT a) (JJ rental) (NN car))) (, ,)) (CC or) (VP (VBN added) (PP (IN as) (NP (DT an) (JJ extra) (NN hotel) (NN service))))))) (. .)))	(ROOT (S (NP (NP (NNP Extra) (NN hotel) (NNS services)) (PP (JJ such) (IN as) (NP (JJ rental) (NNS cars)))) (VP (MD can) (RB not) (VP (VB be) (VP (VBN added)))) (. .)))	If somewhere on your travels you find you suddenly need a really good suit for the day, that would be arranged, like a rental car, or added as an extra hotel service.	Extra hotel services such as rental cars cannot be added.	contradiction	contradiction
318796	318796	14378	14378c	slate	( ( The President ) ( further ( ( ( charmed Monica ) ( by ( ( fantasizing ( out loud ) ) ( ( how wonderful ) ( it ( would ( be ( if ( he ( had ( a son ) ) ) ) ) ) ) ) ) ) ) . ) ) )	( ( The President ) ( never ( ( talked ( about ( ( having ( a son ) ) ( with Monica ) ) ) ) . ) ) )	(ROOT (S (NP (DT The) (NNP President)) (ADVP (RB further)) (VP (VBD charmed) (NP (NNP Monica)) (PP (IN by) (S (VP (VBG fantasizing) (ADVP (IN out) (RB loud)) (SBAR (WHADVP (WRB how) (ADJP (JJ wonderful))) (S (NP (PRP it)) (VP (MD would) (VP (VB be) (SBAR (IN if) (S (NP (PRP he)) (VP (VBD had) (NP (DT a) (NN son))))))))))))) (. .)))	(ROOT (S (NP (DT The) (NNP President)) (ADVP (RB never)) (VP (VBD talked) (PP (IN about) (S (VP (VBG having) (NP (DT a) (NN son)) (PP (IN with) (NP (NNP Monica))))))) (. .)))	The President further charmed Monica by fantasizing out loud how wonderful it would be if he had a son.	The President never talked about having a son with Monica.	contradiction	contradiction
72450	72450	135706	135706c	telephone	( ( well i ) ( think ( Bush ( done ( screwed up ) ) ) ) )	( I ( ( ( do n't ) ( ( find anything ) ( wrong ( with ( what ( Bush did ) ) ) ) ) ) . ) )	(ROOT (S (VP (ADVP (RB well) (RB i)) (VB think) (NP (NP (NNP Bush)) (VP (VBN done) (VP (VBN screwed) (PRT (RP up))))))))	(ROOT (S (NP (PRP I)) (VP (VBP do) (RB n't) (VP (VB find) (NP (NN anything)) (ADVP (JJ wrong) (PP (IN with) (SBAR (WHNP (WP what)) (S (NP (NNP Bush)) (VP (VBD did)))))))) (. .)))	well i think Bush done screwed up	I don't find anything wrong with what Bush did.	contradiction	contradiction
57121	57121	20422	20422e	slate	( ( ( ( One ( other ( illuminating sequence ) ) ) -- ) ( ( ( Burns ' ) presentation ) ( of ( ( ( ( Jefferson 's ) and ) ( Hamilton 's ) ) ( clashing ( ideas ( of America ) ) ) ) ) ) ) . )	( Burns ( ( presents ( the ideas ) ) . ) )	(ROOT (NP (NP (CD One) (JJ other) (NN illuminating) (NN sequence)) (: --) (NP (NP (NP (NNP Burns) (POS ')) (NN presentation)) (PP (IN of) (NP (NP (NP (NNP Jefferson) (POS 's)) (CC and) (NP (NNP Hamilton) (POS 's))) (VP (VBG clashing) (NP (NP (NNS ideas)) (PP (IN of) (NP (NNP America)))))))) (. .)))	(ROOT (S (NP (NNP Burns)) (VP (VBZ presents) (NP (DT the) (NNS ideas))) (. .)))	One other illuminating sequence--Burns' presentation of Jefferson's and Hamilton's clashing ideas of America.	Burns presents the ideas.	entailment	entailment
221641	221641	132071	132071c	travel	( ( ( The ( 16th-century ( polychrome ( rood beam ) ) ) ) ( spanning ( the nave ) ) ) ( ( is ( decorated ( with ( ( ( ( 12 prophetesses ) ( -LRB- ( ( on ( the ( chancel side ) ) ) -RRB- ) ) ) and ) ( scenes ( from ( the Passion ) ) ) ) ) ) ) . ) )	( ( The ( rood beam ) ) ( ( was ( carved ( in ( the ( 11th century ) ) ) ) ) . ) )	(ROOT (S (NP (NP (DT The) (JJ 16th-century) (JJ polychrome) (JJ rood) (NN beam)) (VP (VBG spanning) (NP (DT the) (NN nave)))) (VP (VBZ is) (VP (VBN decorated) (PP (IN with) (NP (NP (NP (CD 12) (NNS prophetesses)) (PRN (-LRB- -LRB-) (PP (IN on) (NP (DT the) (JJ chancel) (NN side))) (-RRB- -RRB-))) (CC and) (NP (NP (NNS scenes)) (PP (IN from) (NP (DT the) (NNP Passion)))))))) (. .)))	(ROOT (S (NP (DT The) (JJ rood) (NN beam)) (VP (VBD was) (VP (VBN carved) (PP (IN in) (NP (DT the) (JJ 11th) (NN century))))) (. .)))	The 16th-century polychrome rood beam spanning the nave is decorated with 12 prophetesses (on the chancel side) and scenes from the Passion.	The rood beam was carved in the 11th century.	contradiction	contradiction
83353	83353	50239	50239c	government	( ( To ( ( ( ( view ( most ( OSHA ( rulemaking materials ) ) ) ) ( in ( the ( official record ) ) ) ) , ) ( even ( if ( they ( were ( submitted electronically ) ) ) ) ) ) ) ( , ( ( interested individuals ) ( ( must ( ( ( go ( to ( ( the ( docket office ) ) ( in ( OSHA headquarters ) ) ) ) ) and ) ( examine ( the ( paper files ) ) ) ) ) . ) ) ) )	( Individuals ( ( ( are not ) ( allowed ( to ( see ( any ( of ( ( OSHA 's ) papers ) ) ) ) ) ) ) . ) )	(ROOT (S (S (VP (TO To) (VP (VB view) (NP (JJS most) (NNP OSHA) (JJ rulemaking) (NNS materials)) (PP (IN in) (NP (DT the) (JJ official) (NN record))) (, ,) (SBAR (RB even) (IN if) (S (NP (PRP they)) (VP (VBD were) (VP (VBN submitted) (ADVP (RB electronically))))))))) (, ,) (NP (JJ interested) (NNS individuals)) (VP (MD must) (VP (VP (VB go) (PP (TO to) (NP (NP (DT the) (NN docket) (NN office)) (PP (IN in) (NP (NNP OSHA) (NNS headquarters)))))) (CC and) (VP (VB examine) (NP (DT the) (NN paper) (NNS files))))) (. .)))	(ROOT (S (NP (NNS Individuals)) (VP (VBP are) (RB not) (VP (VBN allowed) (S (VP (TO to) (VP (VB see) (NP (NP (DT any)) (PP (IN of) (NP (NP (NNP OSHA) (POS 's)) (NNS papers))))))))) (. .)))	To view most OSHA rulemaking materials in the official record, even if they were submitted electronically, interested individuals must go to the docket office in OSHA headquarters and examine the paper files.	Individuals are not allowed to see any of OSHA's papers.	contradiction	contradiction
293096	293096	57080	57080c	fiction	( Where ( ( ( is there ) ( ( one Indio ) ( who ( is ( able ( to ( face ( ( Don Cazar ) ( on ( his ( own ground ) ) ) ) ) ) ) ) ) ) ) ? ) )	( No ( ( was ( able ( to ( ( stand up ) ( to ( Don Cazar ) ) ) ) ) ) . ) )	(ROOT (SBARQ (WHADVP (WRB Where)) (SQ (NNS is) (NP (EX there)) (NP (NP (CD one) (NNP Indio)) (SBAR (WHNP (WP who)) (S (VP (VBZ is) (ADJP (JJ able) (S (VP (TO to) (VP (VB face) (NP (NP (NNP Don) (NNP Cazar)) (PP (IN on) (NP (PRP$ his) (JJ own) (NN ground))))))))))))) (. ?)))	(ROOT (S (NP (NNP No)) (VP (VBD was) (ADJP (JJ able) (S (VP (TO to) (VP (VB stand) (PRT (RP up)) (PP (TO to) (NP (NNP Don) (NNP Cazar)))))))) (. .)))	Where is there one Indio who is able to face Don Cazar on his own ground?	No was able to stand up to Don Cazar. 	contradiction	contradiction
132510	132510	37348	37348n	slate	( Summer ( always ( ended ( with ( a catfish ) ) ) ) )	( Summer ( always ( ( ( began ( with ( a catfish ) ) ) too ) . ) ) )	(ROOT (S (NP (NNPS Summer)) (VP (ADVP (RB always)) (VBN ended) (PP (IN with) (NP (DT a) (NN catfish))))))	(ROOT (S (NP (NNPS Summer)) (ADVP (RB always)) (VP (VBD began) (PP (IN with) (NP (DT a) (NN catfish))) (ADVP (RB too))) (. .)))	Summer always ended with a catfish	Summer always began with a catfish too.	neutral	neutral
345499	345499	102886	102886c	government	( However ( , ( ( ( any ( ( available documented ) evidence ) ) ( supporting ( this explanation ) ) ) ( ( must ( be ( ( provided simultaneously ) ( to ( ( allow ( for verification ) ) ( if ( it ( materially ( affects ( ( the content ) ( of ( the report ) ) ) ) ) ) ) ) ) ) ) ) . ) ) ) )	( There ( ( is ( no ( ( available documented ) evidence ) ) ) . ) )	(ROOT (S (ADVP (RB However)) (, ,) (NP (NP (DT any) (ADJP (JJ available) (VBN documented)) (NN evidence)) (VP (VBG supporting) (NP (DT this) (NN explanation)))) (VP (MD must) (VP (VB be) (VP (VBN provided) (ADVP (RB simultaneously)) (S (VP (TO to) (VP (VB allow) (PP (IN for) (NP (NN verification))) (SBAR (IN if) (S (NP (PRP it)) (ADVP (RB materially)) (VP (VBZ affects) (NP (NP (DT the) (NN content)) (PP (IN of) (NP (DT the) (NN report))))))))))))) (. .)))	(ROOT (S (NP (EX There)) (VP (VBZ is) (NP (DT no) (ADJP (JJ available) (VBN documented)) (NN evidence))) (. .)))	However, any available documented evidence supporting this explanation must be provided simultaneously to allow for verification if it materially affects the content of the report.	There is no available documented evidence. 	contradiction	contradiction
304933	304933	39278	39278e	slate	( ( In fact ) ( , ( what ( ( his ( grand principle ) ) ( ( amounts ( to ( ( no vote ) ( for cash ) ) ) ) . ) ) ) ) )	( ( His principle ) ( ( is ( no ( to vote-buying ) ) ) . ) )	(ROOT (S (PP (IN In) (NP (NN fact))) (, ,) (X (WP what)) (NP (PRP$ his) (JJ grand) (NN principle)) (VP (VBZ amounts) (PP (TO to) (NP (NP (DT no) (NN vote)) (PP (IN for) (NP (NN cash)))))) (. .)))	(ROOT (S (NP (PRP$ His) (NN principle)) (VP (VBZ is) (ADVP (RB no) (PP (TO to) (NP (NN vote-buying))))) (. .)))	In fact, what his grand principle amounts to  no vote for cash.	His principle is no to vote-buying.	entailment	entailment
186988	186988	77704	77704e	telephone	( ( ( oh ( they ( ( should definitely ) ( get ( um ( ( the nickel ) ( returnable ( ( ( it ( ( 's ( great ( for ( the kids ) ) ) ) ( because ( see ( ( ( a lot ) ( of ( the kids ) ) ) ( ( get ( the money ) ) ( from it ) ) ) ) ) ) ) and ) ( it ( ( 's ( great ( for ( the ( boy scouts ) ) ) ) ) ( ( ( running around ) they ) ( knock ( door ( to door ) ) ) ) ) ) ) ) ) ) ) ) ) ) and ) ( the ( ( collect ( the bottles ) ) sometimes ) ) )	( ( The boy ) ( ( ( scouts benefit ) ( from ( being ( able ( to ( ( return bottles ) ( in ( exchange ( for nickels ) ) ) ) ) ) ) ) ) . ) )	(ROOT (NP (S (S (INTJ (UH oh)) (NP (PRP they)) (VP (MD should) (ADVP (RB definitely)) (VP (VB get) (NP (NP (NN um)) (SBAR (S (NP (DT the) (NN nickel)) (VP (VBP returnable) (SBAR (S (S (NP (PRP it)) (VP (VBZ 's) (ADJP (JJ great) (PP (IN for) (NP (DT the) (NNS kids)))) (SBAR (IN because) (S (VP (VBP see) (S (NP (NP (DT a) (NN lot)) (PP (IN of) (NP (DT the) (NNS kids)))) (VP (VB get) (NP (DT the) (NN money)) (PP (IN from) (NP (PRP it)))))))))) (CC and) (S (NP (PRP it)) (VP (VBZ 's) (ADJP (JJ great) (PP (IN for) (NP (DT the) (NN boy) (NNS scouts)))) (S (VP (VBG running) (PRT (RP around)) (NP (PRP they)) (S (VP (VB knock) (ADVP (NN door) (TO to) (NN door))))))))))))))))) (CC and) (S (NP (DT the)) (VP (VBP collect) (NP (DT the) (NNS bottles)) (ADVP (RB sometimes)))))))	(ROOT (S (NP (DT The) (NN boy)) (VP (VBZ scouts) (NP (NN benefit)) (PP (IN from) (S (VP (VBG being) (ADJP (JJ able) (S (VP (TO to) (VP (VB return) (NP (NNS bottles)) (PP (IN in) (NP (NP (NN exchange)) (PP (IN for) (NP (NNS nickels))))))))))))) (. .)))	oh they should definitely get um the nickel returnable it's great for the kids because see a lot of the kids get the money from it and it's great for the boy scouts running around they knock door to door and the collect the bottles sometimes	The boy scouts benefit from being able to return bottles in exchange for nickels.	entailment	entailment
220731	220731	44145	44145e	fiction	( ( Your voice ) ( ( was ( so queer ) ) ! ) )	( ( Your voice ) ( ( was ( very weird ) ) . ) )	(ROOT (S (NP (PRP$ Your) (NN voice)) (VP (VBD was) (ADJP (RB so) (JJ queer))) (. !)))	(ROOT (S (NP (PRP$ Your) (NN voice)) (VP (VBD was) (ADJP (RB very) (JJ weird))) (. .)))	Your voice was so queer!	Your voice was very weird.	entailment	entailment
89844	89844	30041	30041e	telephone	( and ( uh ( ( all ( the kids ) ) ( seem ( to ( enjoy ( that ( ( we ( we ( will ( have ( ( an ( Nintendo somebody ) ) ( have ( will ( ( bring ( an ( Nintendo ( right i ) ) ) ) ( well ( my ( my i ) ) ) ) ) ) ) ) ) ) ) ( know ( ( my sister-in-law ) ( who ( uh ( is ( uh ( engaged ( to ( be married ) ) ) ) ) ) ) ) ) ) ) ) ) ) ) ) )	( ( The kids ) ( ( like ( that ( we ( will ( have ( a nintendo ) ) ) ) ) ) . ) )	(ROOT (FRAG (CC and) (NP (NP (NNP uh)) (SBAR (S (NP (PDT all) (DT the) (NNS kids)) (VP (VBP seem) (S (VP (TO to) (VP (VB enjoy) (SBAR (IN that) (S (NP (NP (PRP we)) (SBAR (S (NP (PRP we)) (VP (MD will) (VP (VB have) (S (NP (DT an) (NNP Nintendo) (NN somebody)) (VP (VB have) (VP (MD will) (VP (VB bring) (NP (DT an) (NNP Nintendo) (NN right) (NN i)) (PP (RB well) (NP (PRP$ my) (JJ my) (NN i)))))))))))) (VP (VBP know) (NP (NP (PRP$ my) (NN sister-in-law)) (SBAR (WHNP (WP who)) (S (ADVP (RB uh)) (VP (VBZ is) (ADJP (RB uh) (VBN engaged) (S (VP (TO to) (VP (VB be) (VP (VBN married))))))))))))))))))))))	(ROOT (S (NP (DT The) (NNS kids)) (VP (VBP like) (SBAR (IN that) (S (NP (PRP we)) (VP (MD will) (VP (VB have) (NP (DT a) (NN nintendo))))))) (. .)))	and uh all the kids seem to enjoy that we we will have an Nintendo somebody have will bring an Nintendo right i well my my i know my sister-in-law who uh is uh engaged to be married	The kids like that we will have a nintendo.	entailment	entailment
83981	83981	103238	103238c	government	( ( ( The calculations ) ( of ( this paper ) ) ) ( ( were ( done ( in ( 5 ( Lotus files ) ) ) ) ) . ) )	( There ( ( was ( ( no way ) ( of ( performing ( a calculation ) ) ) ) ) . ) )	(ROOT (S (NP (NP (DT The) (NNS calculations)) (PP (IN of) (NP (DT this) (NN paper)))) (VP (VBD were) (VP (VBN done) (PP (IN in) (NP (CD 5) (NNP Lotus) (NNS files))))) (. .)))	(ROOT (S (NP (EX There)) (VP (VBD was) (NP (NP (DT no) (NN way)) (PP (IN of) (S (VP (VBG performing) (NP (DT a) (NN calculation))))))) (. .)))	The calculations of this paper were done in 5 Lotus files.	There was no way of performing a calculation.	contradiction	contradiction
346660	346660	136485	136485c	travel	( You ( ( ( 'll certainly ) ( ( ( ( ( get ( a kick ) ) out ) ( of ( ( the ( Hollywood Walk ) ) ( of Fame ) ) ) ) , ) ( even ( if ( it ( does ( ( keep ( your interest ) ) ( for ( ( only ( a few ) ) minutes ) ) ) ) ) ) ) ) ) . ) )	( Hollywood ( ( ( is n't ) ( a ( popular ( tourist city ) ) ) ) ( at all ) ) )	(ROOT (S (NP (PRP You)) (VP (MD 'll) (ADVP (RB certainly)) (VP (VB get) (NP (DT a) (NN kick)) (PRT (RP out)) (PP (IN of) (NP (NP (DT the) (NNP Hollywood) (NNP Walk)) (PP (IN of) (NP (NNP Fame))))) (, ,) (SBAR (RB even) (IN if) (S (NP (PRP it)) (VP (VBZ does) (VP (VB keep) (NP (PRP$ your) (NN interest)) (PP (IN for) (NP (QP (RB only) (DT a) (JJ few)) (NNS minutes))))))))) (. .)))	(ROOT (S (NP (NNP Hollywood)) (VP (VBZ is) (RB n't) (NP (DT a) (JJ popular) (NN tourist) (NN city)) (ADVP (IN at) (DT all)))))	You'll certainly get a kick out of the Hollywood Walk of Fame, even if it does keep your interest for only a few minutes.	Hollywood isn't a popular tourist city at all	contradiction	contradiction
358752	358752	5331	5331n	slate	( ( How ( you ( ( served vs. ) ( whether ( you served ) ) ) ) ) . )	( ( How ( you served ) ) ( ( ( is ( more important ) ) ( ( than whether ) ( you served ) ) ) . ) )	(ROOT (FRAG (SBAR (WHADVP (WRB How)) (S (NP (PRP you)) (VP (VBD served) (NP (FW vs.)) (SBAR (IN whether) (S (NP (PRP you)) (VP (VBD served))))))) (. .)))	(ROOT (S (SBAR (WHADVP (WRB How)) (S (NP (PRP you)) (VP (VBD served)))) (VP (VBZ is) (ADJP (RBR more) (JJ important)) (SBAR (IN than) (IN whether) (S (NP (PRP you)) (VP (VBD served))))) (. .)))	How you served vs. whether you served.	How you served is more important than whether you served.	neutral	neutral
52476	52476	79154	79154c	fiction	( ( ( ( ( You see ) ( , ( ( I ( 've ( ( ( figured it ) out ) ( that ( ( ( those things ) ( of ( Tuppence 's ) ) ) ( ( are ( a plant ) ) too ) ) ) ) ) ) , ) ) ) and ) ( she ( ( 's ( no more ) ) ( drowned ( than ( I am ) ) ) ) ) ) . )	( I ( ( have ( ( determined conclusively ) ( that ( Tuppence ( ( did actually ) drown ) ) ) ) ) . ) )	(ROOT (S (S (NP (PRP You)) (VP (VBP see))) (PRN (, ,) (S (NP (PRP I)) (VP (VBP 've) (VP (VBN figured) (NP (PRP it)) (ADVP (RB out)) (SBAR (IN that) (S (NP (NP (DT those) (NNS things)) (PP (IN of) (NP (NNP Tuppence) (POS 's)))) (VP (VBP are) (NP (DT a) (NN plant)) (ADVP (RB too)))))))) (, ,)) (CC and) (S (NP (PRP she)) (VP (VBZ 's) (ADVP (DT no) (RBR more)) (VP (VBN drowned) (SBAR (IN than) (S (NP (PRP I)) (VP (VBP am))))))) (. .)))	(ROOT (S (NP (PRP I)) (VP (VBP have) (VP (VBN determined) (ADVP (RB conclusively)) (SBAR (IN that) (S (NP (NNP Tuppence)) (VP (VBD did) (ADVP (RB actually)) (VP (VB drown))))))) (. .)))	You see, I've figured it out that those things of Tuppence's are a plant too, and she's no more drowned than I am.	I have determined conclusively that Tuppence did actually drown.	contradiction	contradiction
251191	251191	52235	52235c	slate	( ( ( ( ( ( Japan 's ) ( biggest paper ) ) , ) ( Asahi Shimbun ) ) , ) ( ( ( ( ( ( ( published ( an article ) ) Thursday ) ( by ( ( ( ( ( Tetsuo Maeda ) , ) ( an ( arms ( control expert ) ) ) ) and ) professor ) ) ) ( at ( Tokyo ( International University ) ) ) ) , ) ( saying ( that ( ( ( the ( U.S. ( missile attacks ) ) ) ( on ( Islamic ( terrorist targets ) ) ) ) ( have ( expanded ( ( the definition ) ( of war ) ) ) ) ) ) ) ) . ) )	( ( Asahi Simbun ) ( ( is ( a ( tiny paper ) ) ) . ) )	(ROOT (S (NP (NP (NP (NNP Japan) (POS 's)) (JJS biggest) (NN paper)) (, ,) (NP (NNP Asahi) (NNP Shimbun)) (, ,)) (VP (VBD published) (NP (DT an) (NN article)) (NP (NNP Thursday)) (PP (IN by) (NP (NP (NNP Tetsuo) (NNP Maeda)) (, ,) (NP (DT an) (NNS arms) (NN control) (NN expert)) (CC and) (NP (NN professor)))) (PP (IN at) (NP (NNP Tokyo) (NNP International) (NNP University))) (, ,) (S (VP (VBG saying) (SBAR (IN that) (S (NP (NP (DT the) (NNP U.S.) (NN missile) (NN attacks)) (PP (IN on) (NP (JJ Islamic) (JJ terrorist) (NNS targets)))) (VP (VBP have) (VP (VBN expanded) (NP (NP (DT the) (NN definition)) (PP (IN of) (NP (NN war))))))))))) (. .)))	(ROOT (S (NP (NNP Asahi) (NNP Simbun)) (VP (VBZ is) (NP (DT a) (JJ tiny) (NN paper))) (. .)))	Japan's biggest paper, Asahi Shimbun, published an article Thursday by Tetsuo Maeda, an arms control expert and professor at Tokyo International University, saying that the U.S. missile attacks on Islamic terrorist targets have expanded the definition of war.	Asahi Simbun is a tiny paper.	contradiction	contradiction
39871	39871	131812	131812n	telephone	( i ( mean ( it ( really ( ( was ( to me ) ) ( ( ( it ( was ( like ( it ( 's ( going ( to ( ( ( take them ) ( quite ( a while ) ) ) ( to ( rebuild ( because ( ( everything ( everything i ) ) ( ( mean anything ) ( that ( ( Tom Landry ) wanted ) ) ) ) ) ) ) ) ) ) ) ) ) ) ) or ) ( had ( he ( was ( going ( to ( change it ) ) ) ) ) ) ) ) ) ) ) )	( ( If ( they ( want ( to ( rebuild ( the ( whole thing ) ) ) ) ) ) ) ( , ( ( ( at least ) ( a year ) ) . ) ) )	(ROOT (S (NP (FW i)) (VP (VBP mean) (SBAR (S (NP (PRP it)) (ADVP (RB really)) (VP (VBD was) (PP (TO to) (NP (PRP me))) (SBAR (SBAR (S (NP (PRP it)) (VP (VBD was) (SBAR (IN like) (S (NP (PRP it)) (VP (VBZ 's) (VP (VBG going) (S (VP (TO to) (VP (VB take) (NP (PRP them)) (NP (RB quite) (DT a) (NN while)) (S (VP (TO to) (VP (VB rebuild) (SBAR (IN because) (S (NP (NN everything) (NN everything) (NNS i)) (VP (VBP mean) (NP (NN anything)) (SBAR (IN that) (S (NP (NNP Tom) (NNP Landry)) (VP (VBD wanted)))))))))))))))))))) (CC or) (SBAR (VBD had) (S (NP (PRP he)) (VP (VBD was) (VP (VBG going) (S (VP (TO to) (VP (VB change) (NP (PRP it))))))))))))))))	(ROOT (FRAG (SBAR (IN If) (S (NP (PRP they)) (VP (VBP want) (S (VP (TO to) (VP (VB rebuild) (NP (DT the) (JJ whole) (NN thing)))))))) (, ,) (ADVP (ADVP (IN at) (JJS least)) (NP (DT a) (NN year))) (. .)))	i mean it really was to me it was like it's going to take them quite a while to rebuild because everything everything i mean anything that Tom Landry wanted or had he was going to change it	If they want to rebuild the whole thing, at least a year.	neutral	neutral
274359	274359	92296	92296e	fiction	( ( ( ( He ( rushed ( past ( me ( crying out ) ) ) ) ) : ) ( ' ( A garage ) ) ) ! )	( He ( ( ( ran ( past ( me ( ( ( yelling : ) ' ) ( A garage ) ) ) ) ) ! ) ' ) )	(ROOT (S (S (NP (PRP He)) (VP (VBD rushed) (PP (IN past) (S (NP (PRP me)) (VP (VBG crying) (PRT (RP out))))))) (: :) (S (NP (POS ')) (NP (DT A) (NN garage))) (. !)))	(ROOT (S (NP (PRP He)) (VP (VBD ran) (PP (IN past) (S (NP (PRP me)) (VP (VBG yelling) (: :) (`` ') (NP (DT A) (NN garage)))))) (. !) ('' ')))	He rushed past me crying out: 'A garage! 	He ran past me yelling: 'A garage!'	entailment	entailment
42951	42951	58632	58632n	government	( ( On ( the ( other hand ) ) ) ( , ( ( ( ( ( ( ( ( Poste Italiane ) ( per ( capita volume ) ) ) ( is ( among ( ( the lowest ) ( in ( the ( industrialized world ) ) ) ) ) ) ) , ) and ) so ) ( ( its ( delivery ( costs proportion ) ) ) ( should ( be ( among ( the highest ) ) ) ) ) ) . ) ) )	( ( ( Italy 's ) ( delivery prices ) ) ( ( are ( higher ( than France ) ) ) . ) )	(ROOT (S (PP (IN On) (NP (DT the) (JJ other) (NN hand))) (, ,) (S (NP (NP (NNP Poste) (NNP Italiane)) (PP (IN per) (NP (NN capita) (NN volume)))) (VP (VBZ is) (PP (IN among) (NP (NP (DT the) (JJS lowest)) (PP (IN in) (NP (DT the) (VBN industrialized) (NN world))))))) (, ,) (CC and) (IN so) (S (NP (PRP$ its) (NN delivery) (NNS costs) (NN proportion)) (VP (MD should) (VP (VB be) (PP (IN among) (NP (DT the) (JJS highest)))))) (. .)))	(ROOT (S (NP (NP (NNP Italy) (POS 's)) (NN delivery) (NNS prices)) (VP (VBP are) (ADJP (ADJP (JJR higher)) (PP (IN than) (NP (NNP France))))) (. .)))	On the other hand, Poste Italiane per capita volume is among the lowest in the industrialized world, and so its delivery costs proportion should be among the highest.	Italy's delivery prices are higher than France. 	neutral	neutral
99467	99467	115720	115720e	government	( It ( ( is ( ( ( a matter ) ( of ( auditor judgment ) ) ) ( to ( decide ( how ( ( ( discrepant ( project ( ( estimates and ) estimates ) ) ) ( provided ( by ( cost models ) ) ) ) ( should ( be ( to ( ( raise concerns ) ( about ( risks ( of ( cost ( and ( schedule overruns ) ) ) ) ) ) ) ) ) ) ) ) ) ) ) ) . ) )	( Auditors ( ( must ( judge ( ( ( whether or ) not ) ( ( project estimates ) ( raise ( concerns ( about ( cost ( and ( schedule failures ) ) ) ) ) ) ) ) ) ) . ) )	(ROOT (S (NP (PRP It)) (VP (VBZ is) (NP (NP (DT a) (NN matter)) (PP (IN of) (NP (NN auditor) (NN judgment))) (S (VP (TO to) (VP (VB decide) (SBAR (WHADVP (WRB how)) (S (NP (NP (JJ discrepant) (NN project) (NNS estimates) (CC and) (NNS estimates)) (VP (VBN provided) (PP (IN by) (NP (NN cost) (NNS models))))) (VP (MD should) (VP (VB be) (S (VP (TO to) (VP (VB raise) (NP (NNS concerns)) (PP (IN about) (NP (NP (NNS risks)) (PP (IN of) (NP (NN cost) (CC and) (NN schedule) (NNS overruns))))))))))))))))) (. .)))	(ROOT (S (NP (NNS Auditors)) (VP (MD must) (VP (VB judge) (SBAR (IN whether) (CC or) (RB not) (S (NP (NN project) (NNS estimates)) (VP (VBP raise) (NP (NP (NNS concerns)) (PP (IN about) (NP (NN cost) (CC and) (NN schedule) (NNS failures))))))))) (. .)))	It is a matter of auditor judgment to decide how discrepant project estimates and estimates provided by cost models should be to raise concerns about risks of cost and schedule overruns.	Auditors must judge whether or not project estimates raise concerns about cost and schedule failures.	entailment	entailment
306211	306211	81267	81267n	government	( Jim ( ( is ( ( ( such ( a ( giving person ) ) ) , ) ( so ( committed ( to ( helping ( those ( less fortunate ) ) ) ) ) ) ) ) . ) )	( He ( ( ( had much ) ( to give ) ) . ) )	(ROOT (S (NP (NNP Jim)) (VP (VBZ is) (NP (NP (PDT such) (DT a) (JJ giving) (NN person)) (, ,) (ADJP (RB so) (JJ committed) (PP (TO to) (S (VP (VBG helping) (S (NP (DT those)) (ADJP (RBR less) (JJ fortunate))))))))) (. .)))	(ROOT (S (NP (PRP He)) (VP (VBD had) (ADVP (RB much)) (S (VP (TO to) (VP (VB give))))) (. .)))	Jim is such a giving person, so committed to helping those less fortunate.	He had much to give.	neutral	neutral
200764	200764	35532	35532e	telephone	( so ( ( how long ) ( are ( we ( suppose ( to ( talk for ) ) ) ) ) ) )	( ( How long ) ( ( ( should we ) ( talk for ) ) ? ) )	(ROOT (FRAG (ADVP (RB so)) (SBAR (WHNP (WRB how) (RB long)) (S (VP (VBP are) (SBAR (S (NP (PRP we)) (VP (VBP suppose) (S (VP (TO to) (VP (VB talk) (PP (IN for)))))))))))))	(ROOT (SBARQ (WHADJP (WRB How) (JJ long)) (SQ (MD should) (NP (PRP we)) (VP (VB talk) (PP (IN for)))) (. ?)))	so how long are we suppose to talk for	How long should we talk for?	entailment	entailment
287021	287021	132674	132674e	telephone	( ( ( ( all righty ) ( we 'll ) ) ( we ( 'll ( ( talk ( to you ) ) later ) ) ) ) bye-bye )	( Ok ( we ( ( will ( ( speak ( to you ) ) ( at ( a ( later stage ) ) ) ) ) . ) ) )	(ROOT (S (NP (NP (DT all) (NN righty)) (SBAR (S (NP (PRP we)) (VP (MD 'll)))) (SBAR (S (NP (PRP we)) (VP (MD 'll) (VP (VB talk) (PP (TO to) (NP (PRP you))) (ADVP (RB later))))))) (VP (VBP bye-bye))))	(ROOT (S (ADVP (RB Ok)) (NP (PRP we)) (VP (MD will) (VP (VB speak) (PP (TO to) (NP (PRP you))) (PP (IN at) (NP (DT a) (JJ later) (NN stage))))) (. .)))	all righty we'll we'll talk to you later bye-bye	Ok we will speak to you at a later stage.	entailment	entailment
283134	283134	44823	44823e	travel	( ( Once ( ( the ( gathering place ) ) ( of ( the ( colonial glitterati ) ) ) ) ) ( , ( it ( still ( ( ( draws ( European travelers ) ) ( for ( ( a glimpse ) ( of ( a ( genteel past ) ) ) ) ) ) . ) ) ) ) )	( There ( ( ( are ( ( a lot ) ( of ( European travelers ) ) ) ) there ) . ) )	(ROOT (S (PP (IN Once) (NP (NP (DT the) (NN gathering) (NN place)) (PP (IN of) (NP (DT the) (JJ colonial) (NNS glitterati))))) (, ,) (NP (PRP it)) (ADVP (RB still)) (VP (VBZ draws) (NP (JJ European) (NNS travelers)) (PP (IN for) (NP (NP (DT a) (NN glimpse)) (PP (IN of) (NP (DT a) (JJ genteel) (NN past)))))) (. .)))	(ROOT (S (NP (EX There)) (VP (VBP are) (NP (NP (DT a) (NN lot)) (PP (IN of) (NP (JJ European) (NNS travelers)))) (ADVP (RB there))) (. .)))	Once the gathering place of the colonial glitterati, it still draws European travelers for a glimpse of a genteel past.	There are a lot of European travelers there.	entailment	entailment
122284	122284	110491	110491e	travel	( ( Named ( after ( ( the ( mountain home ) ) ( of ( ( antiquity 's ) Muses ) ) ) ) ) ( , ( ( ( Paris 's ) ( Mount Parnassus ) ) ( ( was ( ( a mound ) ( left ( after ( ( ( ( quarrying ( long gone ) ) , ) but ) ( ( remaining ( an inspiration ) ) ( to artists ) ) ) ) ) ) ) . ) ) ) )	( ( ( Mount Parnassus ) ( in Paris ) ) ( ( is ( ( a hill ) ( ( formed ( from ( ( the rubble ) ( of quarries ) ) ) ) nearby ) ) ) . ) )	(ROOT (S (S (VP (VBN Named) (PP (IN after) (NP (NP (DT the) (NN mountain) (NN home)) (PP (IN of) (NP (NP (NN antiquity) (POS 's)) (NNS Muses))))))) (, ,) (NP (NP (NNP Paris) (POS 's)) (NNP Mount) (NNP Parnassus)) (VP (VBD was) (NP (NP (DT a) (NN mound)) (VP (VBN left) (PP (IN after) (S (VP (VP (VBG quarrying) (ADJP (RB long) (VBN gone))) (, ,) (CC but) (VP (VBG remaining) (NP (DT an) (NN inspiration)) (PP (TO to) (NP (NNS artists)))))))))) (. .)))	(ROOT (S (NP (NP (NNP Mount) (NNP Parnassus)) (PP (IN in) (NP (NNP Paris)))) (VP (VBZ is) (NP (NP (DT a) (NN hill)) (VP (VBN formed) (PP (IN from) (NP (NP (DT the) (NN rubble)) (PP (IN of) (NP (NNS quarries))))) (ADVP (RB nearby))))) (. .)))	Named after the mountain home of antiquity's Muses, Paris's Mount Parnassus was a mound left after quarrying long gone, but remaining an inspiration to artists.	Mount Parnassus in Paris is a hill formed from the rubble of quarries nearby.	entailment	entailment
291215	291215	2776	2776n	government	( ( ( The sooner ) ( we begin ) ) ( , ( ( the less ) ( we ( ( have ( to ( ( save ( per ( ( year and ) ( the greater ) ) ) ) ( ( our benefit ) ( from ( compounding growth ) ) ) ) ) ) . ) ) ) ) )	( ( ( The bank ) ( that ( we ( will ( be using ) ) ) ) ) ( ( is ( Chase Bank ) ) . ) )	(ROOT (S (SBAR (X (DT The) (RB sooner)) (S (NP (PRP we)) (VP (VBP begin)))) (, ,) (X (DT the) (JJR less)) (NP (PRP we)) (VP (VBP have) (S (VP (TO to) (VP (VB save) (PP (IN per) (NP (NP (NN year)) (CC and) (NP (DT the) (JJR greater)))) (NP (NP (PRP$ our) (NN benefit)) (PP (IN from) (NP (NN compounding) (NN growth)))))))) (. .)))	(ROOT (S (NP (NP (DT The) (NN bank)) (SBAR (IN that) (S (NP (PRP we)) (VP (MD will) (VP (VB be) (VP (VBG using))))))) (VP (VBZ is) (NP (NNP Chase) (NNP Bank))) (. .)))	The sooner we begin, the less we have to save per year and the greater our benefit from compounding growth.	The bank that we will be using is Chase Bank.	neutral	neutral
344903	344903	104033	104033c	travel	( ( ( ( Founded ( in 1960 ) ) ( with ( Swiss assistance ) ) ) ( for ( Tibetan refugees ) ) ) ( , ( ( this center ) ( ( ( ( makes and ) sells ) carpets ) . ) ) ) )	( ( ( ( Founded ( in 1960 ) ) ( with ( Swiss assistance ) ) ) ( for ( Tibetan refugees ) ) ) ( , ( ( this center ) ( ( ( no longer ) ( ( ( makes and ) sells ) carpets ) ) . ) ) ) )	(ROOT (S (S (VP (VBN Founded) (PP (IN in) (NP (CD 1960))) (PP (IN with) (NP (JJ Swiss) (NN assistance))) (PP (IN for) (NP (JJ Tibetan) (NNS refugees))))) (, ,) (NP (DT this) (NN center)) (VP (VBZ makes) (CC and) (VBZ sells) (NP (NNS carpets))) (. .)))	(ROOT (S (S (VP (VBN Founded) (PP (IN in) (NP (CD 1960))) (PP (IN with) (NP (JJ Swiss) (NN assistance))) (PP (IN for) (NP (JJ Tibetan) (NNS refugees))))) (, ,) (NP (DT this) (NN center)) (VP (ADVP (RB no) (RB longer)) (VBZ makes) (CC and) (VBZ sells) (NP (NNS carpets))) (. .)))	Founded in 1960 with Swiss assistance for Tibetan refugees, this center makes and sells carpets.	Founded in 1960 with Swiss assistance for Tibetan refugees, this center no longer makes and sells carpets.	contradiction	contradiction
